state_code,top_query,breakout_query
AL,how to pronounce gif,how to pronounce gif
AL,how to pronounce gif,how to pronounce gif
AZ,how to pronounce acai,how to pronounce gif
CA,how do you pronounce,how to pronounce khalid
CO,how to pronounce pho,how to pronounce qatar
CT,how to pronounce gif,how to pronounce acai
FL,how do you pronounce,how to pronounce xxxtentacion
GA,how to pronounce gyro,how to pronounce sza
HI,how to pronounce acai,how to pronounce acai
IL,how to pronounce names,how to pronounce sza
IN,how to pronounce gif,how to pronounce acai
IA,how to pronounce gif,how to pronounce gif
KS,how to pronounce gyro,how to pronounce gif
MD,how to pronounce acai,how to pronounce acai
MA,how to pronounce gyro,how to pronounce nguyen
MI,how to pronounce gyro,how to pronounce sza
MN,how to pronounce names,how to pronounce qatar
MS,how to pronounce gyro,how to pronounce gyro
MO,how to pronounce acai,how to pronounce sza
NV,how to pronounce nevada,how to pronounce gyro
NJ,how to pronounce acai,how to pronounce nguyen
NY,how do you pronounce,how to pronounce xxxtentacion
NC,how to pronounce names,how to pronounce pho
OH,how to pronounce gyro,how to pronounce sza
OR,how to pronounce gyro,how to pronounce gyro
PA,how to pronounce gyro,how to pronounce sza
TX,how do you pronounce,how to pronounce khalid
UT,how to pronounce gif,how to pronounce gif
VA,how to pronounce names,how to pronounce pho
WA,how to pronounce gif,how to pronounce sza
WI,how to pronounce gif,how to pronounce gif
DC,how to pronounce gyro,how to pronounce gyro
